date,spot,next_spot,return_pct,actual_up,p_oi,oi_action,oi_conviction,oi_participated,oi_correct,year
2021-06-25,35364.23828125,35359.0390625,-0.015,False,0.5475,NO_TRADE,none,False,,2021
2021-06-28,35359.0390625,35009.89453125,-0.987,False,0.1512,BUY_PE,high,True,True,2021
2021-06-29,35009.89453125,34771.796875,-0.68,False,0.1922,BUY_PE,high,True,True,2021
2021-06-30,34771.796875,34683.59765625,-0.254,False,0.258,BUY_PE,high,True,True,2021
2021-07-01,34683.59765625,34809.4921875,0.363,True,0.0569,BUY_PE,high,True,False,2021
2021-07-02,34809.4921875,35211.58984375,1.155,True,0.1966,BUY_PE,high,True,False,2021
2021-07-05,35211.58984375,35578.734375,1.043,True,0.6003,SMALL_CE,moderate,True,True,2021
2021-07-06,35578.734375,35770.88671875,0.54,True,0.52,NO_TRADE,none,False,,2021
2021-07-07,35770.88671875,35273.69140625,-1.39,False,0.6123,SMALL_CE,moderate,True,False,2021
2021-07-08,35273.69140625,35071.54296875,-0.573,False,0.151,BUY_PE,high,True,True,2021
2021-07-09,35071.54296875,35198.48828125,0.362,True,0.2501,BUY_PE,high,True,False,2021
2021-07-12,35198.48828125,35672.984375,1.348,True,0.1715,BUY_PE,high,True,False,2021
2021-07-13,35672.984375,35667.8359375,-0.014,False,0.5602,SMALL_CE,moderate,True,False,2021
2021-07-14,35667.8359375,35907.23046875,0.671,True,0.456,NO_TRADE,none,False,,2021
2021-07-15,35907.23046875,35751.38671875,-0.434,False,0.5952,SMALL_CE,moderate,True,False,2021
2021-07-16,35751.38671875,35078.79296875,-1.881,False,0.2159,BUY_PE,high,True,True,2021
2021-07-19,35078.79296875,34415.05078125,-1.892,False,0.165,BUY_PE,high,True,True,2021
2021-07-20,34415.05078125,34676.8984375,0.761,True,0.2678,BUY_PE,high,True,False,2021
2021-07-22,34676.8984375,35033.9921875,1.03,True,0.5192,NO_TRADE,none,False,,2021
2021-07-23,35033.9921875,34949.29296875,-0.242,False,0.6006,SMALL_CE,moderate,True,False,2021
2021-07-26,34949.29296875,34797.04296875,-0.436,False,0.2327,BUY_PE,high,True,True,2021
2021-07-27,34797.04296875,34532.49609375,-0.76,False,0.2418,BUY_PE,high,True,True,2021
2021-07-28,34532.49609375,34691.09765625,0.459,True,0.1352,BUY_PE,high,True,False,2021
2021-07-29,34691.09765625,34583.94921875,-0.309,False,0.542,NO_TRADE,none,False,,2021
2021-07-30,34583.94921875,34709.59765625,0.363,True,0.0981,BUY_PE,high,True,False,2021
2021-08-02,34709.59765625,35207.0390625,1.433,True,0.1758,BUY_PE,high,True,False,2021
2021-08-03,35207.0390625,36027.6328125,2.331,True,0.5428,NO_TRADE,none,False,,2021
2021-08-04,36027.6328125,35834.33203125,-0.537,False,0.3936,SMALL_PE,moderate,True,True,2021
2021-08-05,35834.33203125,35808.83203125,-0.071,False,0.1777,BUY_PE,high,True,True,2021
2021-08-06,35808.83203125,36028.53125,0.614,True,0.2805,BUY_PE,high,True,False,2021
2021-08-09,36028.53125,36033.68359375,0.014,False,0.5147,NO_TRADE,none,False,,2021
2021-08-10,36033.68359375,35805.98046875,-0.632,False,0.1325,BUY_PE,high,True,True,2021
2021-08-11,35805.98046875,35936.6328125,0.365,True,0.2655,BUY_PE,high,True,False,2021
2021-08-12,35936.6328125,36168.9296875,0.646,True,0.5116,NO_TRADE,none,False,,2021
2021-08-13,36168.9296875,36094.08203125,-0.207,False,0.5923,SMALL_CE,moderate,True,False,2021
2021-08-16,36094.08203125,35867.03125,-0.629,False,0.1904,BUY_PE,high,True,True,2021
2021-08-17,35867.03125,35554.0859375,-0.873,False,0.3078,BUY_PE,high,True,True,2021
2021-08-18,35554.0859375,35033.4453125,-1.464,False,0.1642,BUY_PE,high,True,True,2021
2021-08-20,35033.4453125,35123.98828125,0.258,True,0.1921,BUY_PE,high,True,False,2021
2021-08-23,35123.98828125,35711.6875,1.673,True,0.3601,SMALL_PE,moderate,True,False,2021
2021-08-24,35711.6875,35585.8359375,-0.352,False,0.6733,SMALL_CE,moderate,True,False,2021
2021-08-25,35585.8359375,35617.13671875,0.088,True,0.2213,BUY_PE,high,True,False,2021
2021-08-26,35617.13671875,35627.38671875,0.029,False,0.673,SMALL_CE,moderate,True,False,2021
2021-08-27,35627.38671875,36347.2265625,2.02,True,0.5546,SMALL_CE,moderate,True,True,2021
2021-08-30,36347.2265625,36424.1796875,0.212,True,0.548,NO_TRADE,none,False,,2021
2021-08-31,36424.1796875,36573.875,0.411,True,0.1705,BUY_PE,high,True,False,2021
2021-09-01,36573.875,36830.87109375,0.703,True,0.6227,SMALL_CE,moderate,True,True,2021
2021-09-02,36830.87109375,36760.72265625,-0.19,False,0.5774,SMALL_CE,moderate,True,False,2021
2021-09-03,36760.72265625,36591.92578125,-0.459,False,0.2172,BUY_PE,high,True,True,2021
2021-09-06,36591.92578125,36468.375,-0.338,False,0.2091,BUY_PE,high,True,True,2021
2021-09-07,36468.375,36767.7734375,0.821,True,0.1882,BUY_PE,high,True,False,2021
2021-09-08,36767.7734375,36682.7734375,-0.231,False,0.6064,SMALL_CE,moderate,True,False,2021
2021-09-09,36682.7734375,36471.375,-0.576,False,0.1306,BUY_PE,high,True,True,2021
2021-09-13,36471.375,36612.625,0.387,True,0.1736,BUY_PE,high,True,False,2021
2021-09-14,36612.625,36851.8203125,0.653,True,0.3081,BUY_PE,high,True,False,2021
2021-09-15,36851.8203125,37668.1640625,2.215,True,0.5459,NO_TRADE,none,False,,2021
2021-09-16,37668.1640625,37811.5078125,0.381,True,0.4828,NO_TRADE,none,False,,2021
2021-09-17,37811.5078125,37145.265625,-1.762,False,0.1313,BUY_PE,high,True,True,2021
2021-09-20,37145.265625,37235.41796875,0.243,True,0.2598,BUY_PE,high,True,False,2021
2021-09-21,37235.41796875,36944.21875,-0.782,False,0.2703,BUY_PE,high,True,True,2021
2021-09-22,36944.21875,37771.26171875,2.239,True,0.2217,BUY_PE,high,True,False,2021
2021-09-23,37771.26171875,37829.859375,0.155,True,0.5157,NO_TRADE,none,False,,2021
2021-09-24,37829.859375,38170.8046875,0.901,True,0.1997,BUY_PE,high,True,False,2021
2021-09-27,38170.8046875,37944.55859375,-0.593,False,0.6124,SMALL_CE,moderate,True,False,2021
2021-09-28,37944.55859375,37742.5625,-0.532,False,0.2501,BUY_PE,high,True,True,2021
2021-09-29,37742.5625,37424.66796875,-0.842,False,0.4861,NO_TRADE,none,False,,2021
2021-09-30,37424.66796875,37225.46484375,-0.532,False,0.3191,BUY_PE,high,True,True,2021
2021-10-01,37225.46484375,37579.2109375,0.95,True,0.1671,BUY_PE,high,True,False,2021
2021-10-04,37579.2109375,37740.5625,0.429,True,0.5154,NO_TRADE,none,False,,2021
2021-10-05,37740.5625,37521.11328125,-0.581,False,0.4787,NO_TRADE,none,False,,2021
2021-10-06,37521.11328125,37752.76171875,0.617,True,0.1915,BUY_PE,high,True,False,2021
2021-10-07,37752.76171875,37774.8125,0.058,True,0.5532,SMALL_CE,moderate,True,True,2021
2021-10-08,37774.8125,38293.35546875,1.373,True,0.2463,BUY_PE,high,True,False,2021
2021-10-11,38293.35546875,38521.05078125,0.595,True,0.5996,SMALL_CE,moderate,True,True,2021
2021-10-12,38521.05078125,38635.30078125,0.297,True,0.602,SMALL_CE,moderate,True,True,2021
2021-10-13,38635.30078125,39340.44140625,1.825,True,0.1668,BUY_PE,high,True,False,2021
2021-10-14,39340.44140625,39684.33984375,0.874,True,0.5006,NO_TRADE,none,False,,2021
2021-10-18,39684.33984375,39540.0390625,-0.364,False,0.6177,SMALL_CE,moderate,True,False,2021
2021-10-19,39540.0390625,39517.73828125,-0.056,False,0.2449,BUY_PE,high,True,True,2021
2021-10-20,39517.73828125,40029.734375,1.296,True,0.4868,NO_TRADE,none,False,,2021
2021-10-21,40029.734375,40323.1796875,0.733,True,0.4674,NO_TRADE,none,False,,2021
2021-10-22,40323.1796875,41191.91796875,2.154,True,0.6157,SMALL_CE,moderate,True,True,2021
2021-10-25,41191.91796875,41237.8203125,0.111,True,0.6076,SMALL_CE,moderate,True,True,2021
2021-10-26,41237.8203125,40873.875,-0.883,False,0.2758,BUY_PE,high,True,True,2021
2021-10-27,40873.875,39508.48828125,-3.34,False,0.2288,BUY_PE,high,True,True,2021
2021-10-28,39508.48828125,39115.1484375,-0.996,False,0.4055,SMALL_PE,moderate,True,True,2021
2021-10-29,39115.1484375,39763.2890625,1.657,True,0.3221,SMALL_PE,moderate,True,False,2021
2021-11-01,39763.2890625,39937.984375,0.439,True,0.5357,NO_TRADE,none,False,,2021
2021-11-02,39937.984375,39401.59375,-1.343,False,0.1265,BUY_PE,high,True,True,2021
2021-11-03,39401.59375,39573.23828125,0.436,True,0.2044,BUY_PE,high,True,False,2021
2021-11-04,39573.23828125,39437.79296875,-0.342,False,0.178,BUY_PE,high,True,True,2021
2021-11-08,39437.79296875,39368.34375,-0.176,False,0.1382,BUY_PE,high,True,True,2021
2021-11-09,39368.34375,39022.796875,-0.878,False,0.2171,BUY_PE,high,True,True,2021
2021-11-10,39022.796875,38559.75,-1.187,False,0.2156,BUY_PE,high,True,True,2021
2021-11-11,38559.75,38732.90234375,0.449,True,0.2044,BUY_PE,high,True,False,2021
2021-11-12,38732.90234375,38701.90234375,-0.08,False,0.202,BUY_PE,high,True,True,2021
2021-11-15,38701.90234375,38306.65625,-1.021,False,0.1981,BUY_PE,high,True,True,2021
2021-11-16,38306.65625,38041.109375,-0.693,False,0.2679,BUY_PE,high,True,True,2021
2021-11-17,38041.109375,37975.80859375,-0.172,False,0.2113,BUY_PE,high,True,True,2021
2021-11-18,37975.80859375,37128.37109375,-2.232,False,0.4849,NO_TRADE,none,False,,2021
2021-11-22,37128.37109375,37272.3671875,0.388,True,0.2585,BUY_PE,high,True,False,2021
2021-11-23,37272.3671875,37441.515625,0.454,True,0.6704,SMALL_CE,moderate,True,True,2021
2021-11-24,37441.515625,37364.31640625,-0.206,False,0.5894,SMALL_CE,moderate,True,False,2021
2021-11-25,37364.31640625,36025.08203125,-3.584,False,0.2451,BUY_PE,high,True,True,2021
2021-11-26,36025.08203125,35976.03125,-0.136,False,0.2936,BUY_PE,high,True,True,2021
2021-11-29,35976.03125,35694.88671875,-0.781,False,0.1131,BUY_PE,high,True,True,2021
2021-11-30,35694.88671875,36364.4765625,1.876,True,0.272,BUY_PE,high,True,False,2021
2021-12-01,36364.4765625,36507.82421875,0.394,True,0.4818,NO_TRADE,none,False,,2021
2021-12-02,36507.82421875,36196.7265625,-0.852,False,0.5566,SMALL_CE,moderate,True,False,2021
2021-12-03,36196.7265625,35735.484375,-1.274,False,0.2132,BUY_PE,high,True,True,2021
2021-12-06,35735.484375,36617.97265625,2.47,True,0.3354,SMALL_PE,moderate,True,False,2021
2021-12-07,36617.97265625,37284.265625,1.82,True,0.628,SMALL_CE,moderate,True,True,2021
2021-12-08,37284.265625,37082.01953125,-0.542,False,0.4779,NO_TRADE,none,False,,2021
2021-12-09,37082.01953125,37105.21875,0.063,True,0.1603,BUY_PE,high,True,False,2021
2021-12-10,37105.21875,36924.8203125,-0.486,False,0.3483,SMALL_PE,moderate,True,True,2021
2021-12-13,36924.8203125,36893.51953125,-0.085,False,0.1991,BUY_PE,high,True,True,2021
2021-12-14,36893.51953125,36789.125,-0.283,False,0.3308,SMALL_PE,moderate,True,True,2021
2021-12-15,36789.125,36548.22265625,-0.655,False,0.2845,BUY_PE,high,True,True,2021
2021-12-16,36548.22265625,35618.234375,-2.545,False,0.152,BUY_PE,high,True,True,2021
2021-12-17,35618.234375,34439.453125,-3.309,False,0.3934,SMALL_PE,moderate,True,True,2021
2021-12-20,34439.453125,34607.44921875,0.488,True,0.3537,SMALL_PE,moderate,True,False,2021
2021-12-21,34607.44921875,35029.09375,1.218,True,0.5203,NO_TRADE,none,False,,2021
2021-12-22,35029.09375,35190.73828125,0.461,True,0.4755,NO_TRADE,none,False,,2021
2021-12-23,35190.73828125,34856.64453125,-0.949,False,0.5787,SMALL_CE,moderate,True,False,2021
2021-12-24,34856.64453125,35057.4921875,0.576,True,0.3637,SMALL_PE,moderate,True,False,2021
2021-12-27,35057.4921875,35183.390625,0.359,True,0.643,SMALL_CE,moderate,True,True,2021
2021-12-28,35183.390625,35044.9921875,-0.393,False,0.2107,BUY_PE,high,True,True,2021
2021-12-29,35044.9921875,35063.1953125,0.052,True,0.2356,BUY_PE,high,True,False,2021
2021-12-30,35063.1953125,35481.28515625,1.192,True,0.6162,SMALL_CE,moderate,True,True,2021
2021-12-31,35481.28515625,36421.4765625,2.65,True,0.4819,NO_TRADE,none,False,,2021
2022-01-03,36421.4765625,36839.71875,1.148,True,0.5212,NO_TRADE,none,False,,2022
2022-01-04,36839.71875,37695.4609375,2.323,True,0.4515,NO_TRADE,none,False,,2022
2022-01-05,37695.4609375,37489.8125,-0.546,False,0.4791,NO_TRADE,none,False,,2022
2022-01-06,37489.8125,37739.1640625,0.665,True,0.1147,BUY_PE,high,True,False,2022
2022-01-07,37739.1640625,38347.453125,1.612,True,0.0858,BUY_PE,high,True,False,2022
2022-01-10,38347.453125,38441.75390625,0.246,True,0.4858,NO_TRADE,none,False,,2022
2022-01-11,38441.75390625,38727.1015625,0.742,True,0.53,NO_TRADE,none,False,,2022
2022-01-12,38727.1015625,38469.50390625,-0.665,False,0.4786,NO_TRADE,none,False,,2022
2022-01-13,38469.50390625,38369.953125,-0.259,False,0.1233,BUY_PE,high,True,True,2022
2022-01-14,38369.953125,38215.703125,-0.402,False,0.2182,BUY_PE,high,True,True,2022
2022-01-17,38215.703125,38209.85546875,-0.015,False,0.235,BUY_PE,high,True,False,2022
2022-01-18,38209.85546875,38040.91015625,-0.442,False,0.6337,SMALL_CE,moderate,True,False,2022
2022-01-19,38040.91015625,37850.41015625,-0.501,False,0.1838,BUY_PE,high,True,True,2022
2022-01-20,37850.41015625,37573.86328125,-0.731,False,0.2292,BUY_PE,high,True,True,2022
2022-01-21,37573.86328125,36947.12109375,-1.668,False,0.2373,BUY_PE,high,True,True,2022
2022-01-24,36947.12109375,37706.3125,2.055,True,0.1969,BUY_PE,high,True,False,2022
2022-01-25,37706.3125,37981.66015625,0.73,True,0.4453,SMALL_PE,moderate,True,False,2022
2022-01-27,37981.66015625,37688.9609375,-0.771,False,0.5308,NO_TRADE,none,False,,2022
2022-01-28,37688.9609375,37974.91015625,0.759,True,0.289,BUY_PE,high,True,False,2022
2022-01-31,37974.91015625,38505.05078125,1.396,True,0.3382,SMALL_PE,moderate,True,False,2022
2022-02-01,38505.05078125,39330.04296875,2.143,True,0.4297,SMALL_PE,moderate,True,False,2022
2022-02-02,39330.04296875,39009.546875,-0.815,False,0.4559,NO_TRADE,none,False,,2022
2022-02-03,39009.546875,38788.90234375,-0.566,False,0.2554,BUY_PE,high,True,True,2022
2022-02-04,38788.90234375,37995.0078125,-2.047,False,0.2109,BUY_PE,high,True,True,2022
2022-02-07,37995.0078125,38028.0078125,0.087,True,0.284,BUY_PE,high,True,False,2022
2022-02-08,38028.0078125,38609.80078125,1.53,True,0.1412,BUY_PE,high,True,False,2022
2022-02-09,38609.80078125,39010.49609375,1.038,True,0.5383,NO_TRADE,none,False,,2022
2022-02-10,39010.49609375,38516.80078125,-1.266,False,0.5774,SMALL_CE,moderate,True,False,2022
2022-02-11,38516.80078125,36908.12109375,-4.177,False,0.2378,BUY_PE,high,True,True,2022
2022-02-14,36908.12109375,38169.65625,3.418,True,0.4163,SMALL_PE,moderate,True,False,2022
2022-02-15,38169.65625,37953.359375,-0.567,False,0.4882,NO_TRADE,none,False,,2022
2022-02-16,37953.359375,37531.2109375,-1.112,False,0.1904,BUY_PE,high,True,True,2022
2022-02-17,37531.2109375,37598.7109375,0.18,True,0.3875,SMALL_PE,moderate,True,False,2022
2022-02-18,37598.7109375,37685.1640625,0.23,True,0.4636,NO_TRADE,none,False,,2022
2022-02-21,37685.1640625,37371.21484375,-0.833,False,0.5318,NO_TRADE,none,False,,2022
2022-02-22,37371.21484375,37391.6171875,0.055,True,0.2412,BUY_PE,high,True,False,2022
2022-02-23,37391.6171875,35227.69140625,-5.787,False,0.2618,BUY_PE,high,True,True,2022
2022-02-24,35227.69140625,36430.328125,3.414,True,0.7012,BUY_CE,high,True,True,2022
2022-02-25,36430.328125,36204.87890625,-0.619,False,0.5576,SMALL_CE,moderate,True,False,2022
2022-02-28,36204.87890625,35372.390625,-2.299,False,0.0985,BUY_PE,high,True,True,2022
2022-03-02,35372.390625,34943.89453125,-1.211,False,0.2173,BUY_PE,high,True,True,2022
2022-03-03,34943.89453125,34407.40234375,-1.535,False,0.2155,BUY_PE,high,True,True,2022
2022-03-04,34407.40234375,32870.8671875,-4.466,False,0.3695,SMALL_PE,moderate,True,True,2022
2022-03-07,32870.8671875,33157.71484375,0.873,True,0.3802,SMALL_PE,moderate,True,False,2022
2022-03-08,33157.71484375,33815.0546875,1.982,True,0.0921,BUY_PE,high,True,False,2022
2022-03-09,33815.0546875,34475.19921875,1.952,True,0.4723,NO_TRADE,none,False,,2022
2022-03-10,34475.19921875,34545.84765625,0.205,True,0.544,NO_TRADE,none,False,,2022
2022-03-11,34545.84765625,35311.73828125,2.217,True,0.1163,BUY_PE,high,True,False,2022
2022-03-14,35311.73828125,35022.2421875,-0.82,False,0.4042,SMALL_PE,moderate,True,True,2022
2022-03-15,35022.2421875,35747.8359375,2.072,True,0.2446,BUY_PE,high,True,False,2022
2022-03-16,35747.8359375,36428.12890625,1.903,True,0.4204,SMALL_PE,moderate,True,False,2022
2022-03-17,36428.12890625,36018.08203125,-1.126,False,0.6935,BUY_CE,high,True,False,2022
2022-03-21,36018.08203125,36348.12890625,0.916,True,0.2433,BUY_PE,high,True,False,2022
2022-03-22,36348.12890625,36146.9296875,-0.554,False,0.4617,NO_TRADE,none,False,,2022
2022-03-23,36146.9296875,35526.6875,-1.716,False,0.1863,BUY_PE,high,True,True,2022
2022-03-24,35526.6875,35409.69140625,-0.329,False,0.1761,BUY_PE,high,True,True,2022
2022-03-25,35409.69140625,35710.0859375,0.848,True,0.1993,BUY_PE,high,True,False,2022
2022-03-28,35710.0859375,35846.98046875,0.383,True,0.5942,SMALL_CE,moderate,True,True,2022
2022-03-29,35846.98046875,36333.87890625,1.358,True,0.4682,NO_TRADE,none,False,,2022
2022-03-30,36333.87890625,36373.1796875,0.108,True,0.5468,NO_TRADE,none,False,,2022
2022-03-31,36373.1796875,37148.06640625,2.13,True,0.6562,SMALL_CE,moderate,True,True,2022
2022-04-01,37148.06640625,38634.75,4.002,True,0.4502,NO_TRADE,none,False,,2022
2022-04-04,38634.75,38067.45703125,-1.468,False,0.3823,SMALL_PE,moderate,True,True,2022
2022-04-05,38067.45703125,37632.36328125,-1.143,False,0.2198,BUY_PE,high,True,True,2022
2022-04-06,37632.36328125,37556.9140625,-0.2,False,0.115,BUY_PE,high,True,True,2022
2022-04-07,37556.9140625,37751.61328125,0.518,True,0.2426,BUY_PE,high,True,False,2022
2022-04-08,37751.61328125,37613.36328125,-0.366,False,0.178,BUY_PE,high,True,True,2022
2022-04-11,37613.36328125,37746.9609375,0.355,True,0.2209,BUY_PE,high,True,False,2022
2022-04-12,37746.9609375,37462.96484375,-0.752,False,0.5413,NO_TRADE,none,False,,2022
2022-04-13,37462.96484375,36728.57421875,-1.96,False,0.128,BUY_PE,high,True,True,2022
2022-04-18,36728.57421875,36341.1796875,-1.055,False,0.2596,BUY_PE,high,True,True,2022
2022-04-19,36341.1796875,36314.4765625,-0.073,False,0.2374,BUY_PE,high,True,True,2022
2022-04-20,36314.4765625,36815.671875,1.38,True,0.253,BUY_PE,high,True,False,2022
2022-04-21,36815.671875,36044.33203125,-2.095,False,0.6361,SMALL_CE,moderate,True,False,2022
2022-04-22,36044.33203125,36081.93359375,0.104,True,0.2803,BUY_PE,high,True,False,2022
2022-04-25,36081.93359375,36404.37890625,0.894,True,0.5756,SMALL_CE,moderate,True,True,2022
2022-04-26,36404.37890625,36028.43359375,-1.033,False,0.4161,SMALL_PE,moderate,True,True,2022
2022-04-27,36028.43359375,36421.77734375,1.092,True,0.256,BUY_PE,high,True,False,2022
2022-04-28,36421.77734375,36087.73046875,-0.917,False,0.631,SMALL_CE,moderate,True,False,2022
2022-04-29,36087.73046875,36163.328125,0.209,True,0.2341,BUY_PE,high,True,False,2022
2022-05-02,36163.328125,35264.140625,-2.486,False,0.4804,NO_TRADE,none,False,,2022
2022-05-04,35264.140625,35232.44140625,-0.09,False,0.3544,SMALL_PE,moderate,True,True,2022
2022-05-05,35232.44140625,34590.796875,-1.821,False,0.6609,SMALL_CE,moderate,True,False,2022
2022-05-06,34590.796875,34275.0,-0.913,False,0.1908,BUY_PE,high,True,True,2022
2022-05-09,34275.0,34482.24609375,0.605,True,0.1683,BUY_PE,high,True,False,2022
2022-05-10,34482.24609375,34692.74609375,0.61,True,0.4767,NO_TRADE,none,False,,2022
2022-05-11,34692.74609375,33531.7578125,-3.346,False,0.4678,NO_TRADE,none,False,,2022
2022-05-12,33531.7578125,33120.96484375,-1.225,False,0.2803,BUY_PE,high,True,True,2022
2022-05-13,33120.96484375,33597.2109375,1.438,True,0.3918,SMALL_PE,moderate,True,False,2022
2022-05-16,33597.2109375,34301.5,2.096,True,0.4457,SMALL_PE,moderate,True,False,2022
2022-05-17,34301.5,34163.30078125,-0.403,False,0.4854,NO_TRADE,none,False,,2022
2022-05-18,34163.30078125,33315.26171875,-2.482,False,0.234,BUY_PE,high,True,True,2022
2022-05-19,33315.26171875,34276.0,2.884,True,0.3726,SMALL_PE,moderate,True,False,2022
2022-05-20,34276.0,34247.203125,-0.084,False,0.5624,SMALL_CE,moderate,True,False,2022
2022-05-23,34247.203125,34289.75,0.124,True,0.2075,BUY_PE,high,True,False,2022
2022-05-24,34289.75,34339.1015625,0.144,True,0.3849,SMALL_PE,moderate,True,False,2022
2022-05-25,34339.1015625,35094.4921875,2.2,True,0.1147,BUY_PE,high,True,False,2022
2022-05-26,35094.4921875,35612.88671875,1.477,True,0.5932,SMALL_CE,moderate,True,True,2022
2022-05-27,35612.88671875,35826.53125,0.6,True,0.4367,SMALL_PE,moderate,True,False,2022
2022-05-30,35826.53125,35486.984375,-0.948,False,0.0728,BUY_PE,high,True,True,2022
2022-05-31,35486.984375,35620.38671875,0.376,True,0.1017,BUY_PE,high,True,False,2022
2022-06-01,35620.38671875,35613.234375,-0.02,False,0.5581,SMALL_CE,moderate,True,False,2022
2022-06-02,35613.234375,35274.640625,-0.951,False,0.5784,SMALL_CE,moderate,True,False,2022
2022-06-03,35274.640625,35309.7890625,0.1,True,0.286,BUY_PE,high,True,False,2022
2022-06-06,35309.7890625,34995.59375,-0.89,False,0.3375,SMALL_PE,moderate,True,True,2022
2022-06-07,34995.59375,34945.7421875,-0.142,False,0.1649,BUY_PE,high,True,True,2022
2022-06-08,34945.7421875,35085.04296875,0.399,True,0.1724,BUY_PE,high,True,False,2022
2022-06-09,35085.04296875,34483.3984375,-1.715,False,0.5307,NO_TRADE,none,False,,2022
2022-06-10,34483.3984375,33405.46484375,-3.126,False,0.1552,BUY_PE,high,True,True,2022
2022-06-13,33405.46484375,33310.96484375,-0.283,False,0.3736,SMALL_PE,moderate,True,True,2022
2022-06-14,33310.96484375,33338.61328125,0.083,True,0.308,BUY_PE,high,True,False,2022
2022-06-15,33338.61328125,32616.720703125,-2.165,False,0.5566,SMALL_CE,moderate,True,False,2022
2022-06-16,32616.720703125,32742.669921875,0.386,True,0.3453,SMALL_PE,moderate,True,False,2022
2022-06-17,32742.669921875,32684.419921875,-0.178,False,0.2252,BUY_PE,high,True,True,2022
2022-06-20,32684.419921875,33191.36328125,1.551,True,0.0734,BUY_PE,high,True,False,2022
2022-06-21,33191.36328125,32844.91796875,-1.044,False,0.5161,NO_TRADE,none,False,,2022
2022-06-22,32844.91796875,33134.61328125,0.882,True,0.1841,BUY_PE,high,True,False,2022
2022-06-23,33134.61328125,33627.05859375,1.486,True,0.6831,BUY_CE,high,True,True,2022
2022-06-24,33627.05859375,33810.85546875,0.547,True,0.4983,NO_TRADE,none,False,,2022
2022-06-27,33810.85546875,33642.05859375,-0.499,False,0.3404,SMALL_PE,moderate,True,True,2022
2022-06-28,33642.05859375,33269.51171875,-1.107,False,0.2731,BUY_PE,high,True,True,2022
2022-06-29,33269.51171875,33424.71484375,0.467,True,0.2973,BUY_PE,high,True,False,2022
2022-06-30,33424.71484375,33539.05859375,0.342,True,0.7229,BUY_CE,high,True,True,2022
2022-07-01,33539.05859375,33940.50390625,1.197,True,0.3848,SMALL_PE,moderate,True,False,2022
2022-07-04,33940.50390625,33815.50390625,-0.368,False,0.4439,SMALL_PE,moderate,True,True,2022
2022-07-05,33815.50390625,34323.8515625,1.503,True,0.1704,BUY_PE,high,True,False,2022
2022-07-06,34323.8515625,34919.89453125,1.737,True,0.5251,NO_TRADE,none,False,,2022
2022-07-07,34919.89453125,35123.640625,0.583,True,0.6059,SMALL_CE,moderate,True,True,2022
2022-07-08,35123.640625,35469.234375,0.984,True,0.2541,BUY_PE,high,True,False,2022
2022-07-11,35469.234375,35131.83984375,-0.951,False,0.5193,NO_TRADE,none,False,,2022
2022-07-12,35131.83984375,34827.39453125,-0.867,False,0.0899,BUY_PE,high,True,True,2022
2022-07-13,34827.39453125,34650.796875,-0.507,False,0.1878,BUY_PE,high,True,True,2022
2022-07-14,34650.796875,34682.24609375,0.091,True,0.5472,NO_TRADE,none,False,,2022
2022-07-15,34682.24609375,35358.2890625,1.949,True,0.1658,BUY_PE,high,True,False,2022
2022-07-18,35358.2890625,35719.9375,1.023,True,0.5655,SMALL_CE,moderate,True,True,2022
2022-07-19,35719.9375,35971.68359375,0.705,True,0.5798,SMALL_CE,moderate,True,True,2022
2022-07-20,35971.68359375,36200.578125,0.636,True,0.524,NO_TRADE,none,False,,2022
2022-07-21,36200.578125,36738.5234375,1.486,True,0.5978,SMALL_CE,moderate,True,True,2022
2022-07-22,36738.5234375,36725.97265625,-0.034,False,0.5351,NO_TRADE,none,False,,2022
2022-07-25,36725.97265625,36408.078125,-0.866,False,0.3865,SMALL_PE,moderate,True,True,2022
2022-07-26,36408.078125,36783.32421875,1.031,True,0.2297,BUY_PE,high,True,False,2022
2022-07-27,36783.32421875,37377.71484375,1.616,True,0.5343,NO_TRADE,none,False,,2022
2022-07-28,37377.71484375,37490.9609375,0.303,True,0.5309,NO_TRADE,none,False,,2022
2022-07-29,37490.9609375,37902.7578125,1.098,True,0.1098,BUY_PE,high,True,False,2022
2022-08-01,37902.7578125,38023.55859375,0.319,True,0.5969,SMALL_CE,moderate,True,True,2022
2022-08-02,38023.55859375,37988.80859375,-0.091,False,0.5547,SMALL_CE,moderate,True,False,2022
2022-08-03,37988.80859375,37755.11328125,-0.615,False,0.0924,BUY_PE,high,True,True,2022
2022-08-04,37755.11328125,37920.16015625,0.437,True,0.2343,BUY_PE,high,True,False,2022
2022-08-05,37920.16015625,38236.953125,0.835,True,0.3126,BUY_PE,high,True,False,2022
2022-08-08,38236.953125,38287.40625,0.132,True,0.4869,NO_TRADE,none,False,,2022
2022-08-10,38287.40625,38879.3984375,1.546,True,0.0794,BUY_PE,high,True,False,2022
2022-08-11,38879.3984375,39041.84765625,0.418,True,0.5419,NO_TRADE,none,False,,2022
2022-08-12,39041.84765625,39239.19140625,0.505,True,0.5052,NO_TRADE,none,False,,2022
2022-08-16,39239.19140625,39461.2421875,0.566,True,0.3742,SMALL_PE,moderate,True,False,2022
2022-08-17,39461.2421875,39655.6875,0.493,True,0.5738,SMALL_CE,moderate,True,True,2022
2022-08-18,39655.6875,38985.49609375,-1.69,False,0.5961,SMALL_CE,moderate,True,False,2022
2022-08-19,38985.49609375,38297.3046875,-1.765,False,0.2032,BUY_PE,high,True,True,2022
2022-08-22,38297.3046875,38697.19921875,1.044,True,0.3465,SMALL_PE,moderate,True,False,2022
2022-08-23,38697.19921875,39038.046875,0.881,True,0.6408,SMALL_CE,moderate,True,True,2022
2022-08-24,39038.046875,38950.296875,-0.225,False,0.5638,SMALL_CE,moderate,True,False,2022
2022-08-25,38950.296875,38986.6953125,0.093,True,0.3997,SMALL_PE,moderate,True,False,2022
2022-08-26,38986.6953125,38276.25390625,-1.822,False,0.1508,BUY_PE,high,True,True,2022
2022-08-29,38276.25390625,39536.2890625,3.292,True,0.1717,BUY_PE,high,True,False,2022
2022-08-30,39536.2890625,39300.79296875,-0.596,False,0.4393,SMALL_PE,moderate,True,True,2022
2022-09-01,39300.79296875,39420.54296875,0.305,True,0.1614,BUY_PE,high,True,False,2022
2022-09-02,39420.54296875,39805.2890625,0.976,True,0.1311,BUY_PE,high,True,False,2022
2022-09-05,39805.2890625,39666.0390625,-0.35,False,0.5128,NO_TRADE,none,False,,2022
2022-09-06,39666.0390625,39455.44140625,-0.531,False,0.2406,BUY_PE,high,True,True,2022
2022-09-07,39455.44140625,40208.48046875,1.909,True,0.1779,BUY_PE,high,True,False,2022
2022-09-08,40208.48046875,40415.23046875,0.514,True,0.6225,SMALL_CE,moderate,True,True,2022
2022-09-09,40415.23046875,40573.52734375,0.392,True,0.1996,BUY_PE,high,True,False,2022
2022-09-12,40573.52734375,40872.625,0.737,True,0.5687,SMALL_CE,moderate,True,True,2022
2022-09-13,40872.625,41404.91796875,1.302,True,0.5758,SMALL_CE,moderate,True,True,2022
2022-09-14,41404.91796875,41208.71875,-0.474,False,0.4891,NO_TRADE,none,False,,2022
2022-09-15,41208.71875,40776.328125,-1.049,False,0.2791,BUY_PE,high,True,True,2022
2022-09-16,40776.328125,40903.921875,0.313,True,0.1885,BUY_PE,high,True,False,2022
2022-09-19,40903.921875,41467.8203125,1.379,True,0.5547,SMALL_CE,moderate,True,True,2022
2022-09-20,41467.8203125,41202.96875,-0.639,False,0.5116,NO_TRADE,none,False,,2022
2022-09-21,41202.96875,40630.12890625,-1.39,False,0.1614,BUY_PE,high,True,True,2022
2022-09-22,40630.12890625,39545.7890625,-2.669,False,0.2698,BUY_PE,high,True,True,2022
2022-09-23,39545.7890625,38615.80078125,-2.352,False,0.3759,SMALL_PE,moderate,True,True,2022
2022-09-26,38615.80078125,38358.703125,-0.666,False,0.4945,NO_TRADE,none,False,,2022
2022-09-27,38358.703125,37759.4140625,-1.562,False,0.3458,SMALL_PE,moderate,True,True,2022
2022-09-28,37759.4140625,37647.3125,-0.297,False,0.3946,SMALL_PE,moderate,True,True,2022
2022-09-29,37647.3125,38631.5,2.614,True,0.286,BUY_PE,high,True,False,2022
2022-09-30,38631.5,38029.20703125,-1.559,False,0.3934,SMALL_PE,moderate,True,True,2022
2022-10-03,38029.20703125,39109.59765625,2.841,True,0.0977,BUY_PE,high,True,False,2022
2022-10-04,39109.59765625,39282.39453125,0.442,True,0.4172,SMALL_PE,moderate,True,False,2022
2022-10-06,39282.39453125,39177.59375,-0.267,False,0.5566,SMALL_CE,moderate,True,False,2022
2022-10-07,39177.59375,39092.6484375,-0.217,False,0.068,BUY_PE,high,True,True,2022
2022-10-10,39092.6484375,38712.0,-0.974,False,0.3378,SMALL_PE,moderate,True,True,2022
2022-10-11,38712.0,39118.09765625,1.049,True,0.2436,BUY_PE,high,True,False,2022
2022-10-12,39118.09765625,38623.55078125,-1.264,False,0.5031,NO_TRADE,none,False,,2022
2022-10-13,38623.55078125,39305.14453125,1.765,True,0.2204,BUY_PE,high,True,False,2022
2022-10-14,39305.14453125,39919.984375,1.564,True,0.5308,NO_TRADE,none,False,,2022
2022-10-17,39919.984375,40318.28125,0.998,True,0.5638,SMALL_CE,moderate,True,True,2022
2022-10-18,40318.28125,40372.73046875,0.135,True,0.5448,NO_TRADE,none,False,,2022
2022-10-19,40372.73046875,40099.0859375,-0.678,False,0.1537,BUY_PE,high,True,True,2022
2022-10-20,40099.0859375,40783.578125,1.707,True,0.1787,BUY_PE,high,True,False,2022
2022-10-21,40783.578125,41304.41796875,1.277,True,0.5653,SMALL_CE,moderate,True,True,2022
2022-10-24,41304.41796875,41122.2734375,-0.441,False,0.4891,NO_TRADE,none,False,,2022
2022-10-25,41122.2734375,41298.8203125,0.429,True,0.2116,BUY_PE,high,True,False,2022
2022-10-27,41298.8203125,40990.375,-0.747,False,0.5794,SMALL_CE,moderate,True,False,2022
2022-10-28,40990.375,41307.41796875,0.773,True,0.074,BUY_PE,high,True,False,2022
2022-10-31,41307.41796875,41289.0703125,-0.044,False,0.4728,NO_TRADE,none,False,,2022
2022-11-01,41289.0703125,41146.171875,-0.346,False,0.1307,BUY_PE,high,True,True,2022
2022-11-02,41146.171875,41297.87109375,0.369,True,0.1764,BUY_PE,high,True,False,2022
2022-11-03,41297.87109375,41257.96875,-0.097,False,0.5708,SMALL_CE,moderate,True,False,2022
2022-11-04,41257.96875,41686.21484375,1.038,True,0.2314,BUY_PE,high,True,False,2022
2022-11-07,41686.21484375,41782.71484375,0.231,True,0.5409,NO_TRADE,none,False,,2022
2022-11-09,41782.71484375,41603.265625,-0.429,False,0.339,SMALL_PE,moderate,True,True,2022
2022-11-10,41603.265625,42136.5625,1.282,True,0.572,SMALL_CE,moderate,True,True,2022
2022-12-01,43260.14453125,43103.25,-0.363,False,0.0993,BUY_PE,high,True,True,2022
2022-12-02,43103.25,43332.4453125,0.532,True,0.1464,BUY_PE,high,True,False,2022
2022-12-05,43332.4453125,43138.05078125,-0.449,False,0.5167,NO_TRADE,none,False,,2022
2022-12-06,43138.05078125,43098.19921875,-0.092,False,0.1819,BUY_PE,high,True,True,2022
2022-12-07,43098.19921875,43596.34375,1.156,True,0.1943,BUY_PE,high,True,False,2022
2022-12-08,43596.34375,43632.94140625,0.084,True,0.5694,SMALL_CE,moderate,True,True,2022
2022-12-09,43632.94140625,43708.2421875,0.173,True,0.1216,BUY_PE,high,True,False,2022
2022-12-12,43708.2421875,43946.0390625,0.544,True,0.6022,SMALL_CE,moderate,True,True,2022
2022-12-13,43946.0390625,44048.58984375,0.233,True,0.5569,SMALL_CE,moderate,True,True,2022
2022-12-14,44048.58984375,43497.6953125,-1.251,False,0.1662,BUY_PE,high,True,True,2022
2022-12-15,43497.6953125,43218.99609375,-0.641,False,0.1792,BUY_PE,high,True,True,2022
2022-12-16,43218.99609375,43413.24609375,0.449,True,0.1668,BUY_PE,high,True,False,2022
2022-12-19,43413.24609375,43358.99609375,-0.125,False,0.6379,SMALL_CE,moderate,True,False,2022
2022-12-20,43358.99609375,42617.453125,-1.71,False,0.2676,BUY_PE,high,True,True,2022
2022-12-21,42617.453125,42408.30859375,-0.491,False,0.2167,BUY_PE,high,True,True,2022
2022-12-22,42408.30859375,41667.56640625,-1.747,False,0.6411,SMALL_CE,moderate,True,False,2022
2022-12-23,41667.56640625,42629.65234375,2.309,True,0.3755,SMALL_PE,moderate,True,False,2022
2022-12-26,42629.65234375,42859.0,0.538,True,0.5546,SMALL_CE,moderate,True,True,2022
2022-12-27,42859.0,42827.203125,-0.074,False,0.5907,SMALL_CE,moderate,True,False,2022
2022-12-28,42827.203125,43251.84765625,0.992,True,0.2315,BUY_PE,high,True,False,2022
2022-12-29,43251.84765625,42985.94921875,-0.615,False,0.6996,BUY_CE,high,True,False,2022
2022-12-30,42985.94921875,43203.1015625,0.505,True,0.0787,BUY_PE,high,True,False,2022
2023-01-02,43203.1015625,43425.25,0.514,True,0.5566,SMALL_CE,moderate,True,True,2023
2023-01-03,43425.25,42958.80078125,-1.074,False,0.4911,NO_TRADE,none,False,,2023
2023-01-04,42958.80078125,42608.69921875,-0.815,False,0.1689,BUY_PE,high,True,True,2023
2023-01-05,42608.69921875,42188.80078125,-0.985,False,0.5316,NO_TRADE,none,False,,2023
2023-01-06,42188.80078125,42582.75,0.934,True,0.1436,BUY_PE,high,True,False,2023
2023-01-09,42582.75,42014.75,-1.334,False,0.4841,NO_TRADE,none,False,,2023
2023-01-10,42014.75,42232.69921875,0.519,True,0.2023,BUY_PE,high,True,False,2023
2023-01-11,42232.69921875,42082.25,-0.356,False,0.5044,NO_TRADE,none,False,,2023
2023-01-12,42082.25,42371.25,0.687,True,0.1499,BUY_PE,high,True,False,2023
2023-01-13,42371.25,42167.55078125,-0.481,False,0.6031,SMALL_CE,moderate,True,False,2023
2023-01-16,42167.55078125,42235.05078125,0.16,True,0.2237,BUY_PE,high,True,False,2023
2023-01-17,42235.05078125,42458.0,0.528,True,0.5499,NO_TRADE,none,False,,2023
2023-01-18,42458.0,42328.8515625,-0.304,False,0.589,SMALL_CE,moderate,True,False,2023
2023-01-19,42328.8515625,42506.80078125,0.42,True,0.2894,BUY_PE,high,True,False,2023
2023-01-20,42506.80078125,42821.25,0.74,True,0.6399,SMALL_CE,moderate,True,True,2023
2023-01-23,42821.25,42733.44921875,-0.205,False,0.6455,SMALL_CE,moderate,True,False,2023
2023-01-24,42733.44921875,41647.6484375,-2.541,False,0.1621,BUY_PE,high,True,True,2023
2023-01-25,41647.6484375,40345.30078125,-3.127,False,0.2578,BUY_PE,high,True,True,2023
2023-01-27,40345.30078125,40387.44921875,0.104,True,0.3716,SMALL_PE,moderate,True,False,2023
2023-01-30,40387.44921875,40655.05078125,0.663,True,0.1627,BUY_PE,high,True,False,2023
2023-01-31,40655.05078125,40513.0,-0.349,False,0.4968,NO_TRADE,none,False,,2023
2023-02-01,40513.0,40669.30078125,0.386,True,0.3622,SMALL_PE,moderate,True,False,2023
2023-02-02,40669.30078125,41499.69921875,2.042,True,0.2477,BUY_PE,high,True,False,2023
2023-02-03,41499.69921875,41374.6484375,-0.301,False,0.3889,SMALL_PE,moderate,True,True,2023
2023-02-06,41374.6484375,41490.94921875,0.281,True,0.1929,BUY_PE,high,True,False,2023
2023-02-07,41490.94921875,41537.6484375,0.113,True,0.4829,NO_TRADE,none,False,,2023
2023-02-08,41537.6484375,41554.30078125,0.04,False,0.1233,BUY_PE,high,True,False,2023
2023-02-09,41554.30078125,41559.3984375,0.012,False,0.5481,NO_TRADE,none,False,,2023
2023-02-10,41559.3984375,41282.19921875,-0.667,False,0.2931,BUY_PE,high,True,True,2023
2023-02-13,41282.19921875,41648.3515625,0.887,True,0.1791,BUY_PE,high,True,False,2023
2023-02-14,41648.3515625,41731.05078125,0.199,True,0.5906,SMALL_CE,moderate,True,True,2023
2023-02-15,41731.05078125,41631.3515625,-0.239,False,0.2582,BUY_PE,high,True,True,2023
2023-02-16,41631.3515625,41131.75,-1.2,False,0.147,BUY_PE,high,True,True,2023
2023-02-17,41131.75,40701.69921875,-1.046,False,0.2047,BUY_PE,high,True,True,2023
2023-02-20,40701.69921875,40673.6015625,-0.069,False,0.3261,SMALL_PE,moderate,True,True,2023
2023-02-21,40673.6015625,39995.8984375,-1.666,False,0.6039,SMALL_CE,moderate,True,False,2023
2023-02-22,39995.8984375,40001.55078125,0.014,False,0.2843,BUY_PE,high,True,False,2023
2023-02-23,40001.55078125,39909.3984375,-0.23,False,0.6315,SMALL_CE,moderate,True,False,2023
2023-02-24,39909.3984375,40307.1015625,0.997,True,0.1342,BUY_PE,high,True,False,2023
2023-02-27,40307.1015625,40269.05078125,-0.094,False,0.5815,SMALL_CE,moderate,True,False,2023
2023-02-28,40269.05078125,40698.1484375,1.066,True,0.174,BUY_PE,high,True,False,2023
2023-03-01,40698.1484375,40389.80078125,-0.758,False,0.5602,SMALL_CE,moderate,True,False,2023
2023-03-02,40389.80078125,41251.3515625,2.133,True,0.1643,BUY_PE,high,True,False,2023
2023-03-03,41251.3515625,41350.3984375,0.24,True,0.6171,SMALL_CE,moderate,True,True,2023
2023-03-06,41350.3984375,41577.1015625,0.548,True,0.1554,BUY_PE,high,True,False,2023
2023-03-08,41577.1015625,41256.75,-0.77,False,0.4984,NO_TRADE,none,False,,2023
2023-03-09,41256.75,40485.44921875,-1.87,False,0.2416,BUY_PE,high,True,True,2023
2023-03-10,40485.44921875,39564.69921875,-2.274,False,0.1145,BUY_PE,high,True,True,2023
2023-03-13,39564.69921875,39411.3984375,-0.387,False,0.3094,BUY_PE,high,True,True,2023
2023-03-14,39411.3984375,39051.5,-0.913,False,0.2627,BUY_PE,high,True,True,2023
2023-03-15,39051.5,39132.6015625,0.208,True,0.2116,BUY_PE,high,True,False,2023
2023-03-16,39132.6015625,39598.1015625,1.19,True,0.5423,NO_TRADE,none,False,,2023
2023-03-17,39598.1015625,39361.94921875,-0.596,False,0.4239,SMALL_PE,moderate,True,True,2023
2023-03-20,39361.94921875,39894.69921875,1.353,True,0.1448,BUY_PE,high,True,False,2023
2023-03-21,39894.69921875,39999.05078125,0.262,True,0.5387,NO_TRADE,none,False,,2023
2023-03-22,39999.05078125,39616.8984375,-0.955,False,0.0653,BUY_PE,high,True,True,2023
2023-03-23,39616.8984375,39395.3515625,-0.559,False,0.2937,BUY_PE,high,True,True,2023
2023-03-24,39395.3515625,39431.30078125,0.091,True,0.2928,BUY_PE,high,True,False,2023
2023-03-27,39431.30078125,39567.8984375,0.346,True,0.3889,SMALL_PE,moderate,True,False,2023
2023-03-28,39567.8984375,39910.1484375,0.865,True,0.6225,SMALL_CE,moderate,True,True,2023
2023-03-29,39910.1484375,40608.6484375,1.75,True,0.7098,BUY_CE,high,True,True,2023
2023-03-31,40608.6484375,40813.05078125,0.503,True,0.5792,SMALL_CE,moderate,True,True,2023
2023-04-03,40813.05078125,40999.1484375,0.456,True,0.507,NO_TRADE,none,False,,2023
2023-04-05,40999.1484375,41041.0,0.102,True,0.3818,SMALL_PE,moderate,True,False,2023
2023-04-06,41041.0,40834.6484375,-0.503,False,0.4301,SMALL_PE,moderate,True,True,2023
2023-04-10,40834.6484375,41366.5,1.302,True,0.142,BUY_PE,high,True,False,2023
2023-04-11,41366.5,41557.94921875,0.463,True,0.6268,SMALL_CE,moderate,True,True,2023
2023-04-12,41557.94921875,42132.55078125,1.383,True,0.6381,SMALL_CE,moderate,True,True,2023
2023-04-13,42132.55078125,42262.55078125,0.309,True,0.6425,SMALL_CE,moderate,True,True,2023
2023-04-17,42262.55078125,42265.19921875,0.006,False,0.2433,BUY_PE,high,True,False,2023
2023-04-18,42265.19921875,42154.0,-0.263,False,0.23,BUY_PE,high,True,True,2023
2023-04-19,42154.0,42269.5,0.274,True,0.1696,BUY_PE,high,True,False,2023
2023-04-20,42269.5,42118.0,-0.358,False,0.5544,SMALL_CE,moderate,True,False,2023
2023-04-21,42118.0,42635.75,1.229,True,0.2165,BUY_PE,high,True,False,2023
2023-04-24,42635.75,42678.5,0.1,True,0.6098,SMALL_CE,moderate,True,True,2023
2023-04-25,42678.5,42829.8984375,0.355,True,0.1743,BUY_PE,high,True,False,2023
2023-04-26,42829.8984375,43000.8515625,0.399,True,0.6166,SMALL_CE,moderate,True,True,2023
2023-04-27,43000.8515625,43233.8984375,0.542,True,0.5138,NO_TRADE,none,False,,2023
2023-04-28,43233.8984375,43352.1015625,0.273,True,0.6168,SMALL_CE,moderate,True,True,2023
2023-05-02,43352.1015625,43312.69921875,-0.091,False,0.2269,BUY_PE,high,True,True,2023
2023-05-03,43312.69921875,43685.44921875,0.861,True,0.6455,SMALL_CE,moderate,True,True,2023
2023-05-04,43685.44921875,42661.19921875,-2.345,False,0.6053,SMALL_CE,moderate,True,False,2023
2023-05-05,42661.19921875,43284.0,1.46,True,0.3012,BUY_PE,high,True,False,2023
2023-05-08,43284.0,43198.1484375,-0.198,False,0.5717,SMALL_CE,moderate,True,False,2023
2023-05-09,43198.1484375,43331.05078125,0.308,True,0.1817,BUY_PE,high,True,False,2023
2023-05-10,43331.05078125,43475.30078125,0.333,True,0.529,NO_TRADE,none,False,,2023
2023-05-11,43475.30078125,43793.55078125,0.732,True,0.6022,SMALL_CE,moderate,True,True,2023
2023-05-12,43793.55078125,44072.1015625,0.636,True,0.5483,NO_TRADE,none,False,,2023
2023-05-15,44072.1015625,43903.69921875,-0.382,False,0.5597,SMALL_CE,moderate,True,False,2023
2023-05-16,43903.69921875,43698.69921875,-0.467,False,0.2208,BUY_PE,high,True,True,2023
2023-05-17,43698.69921875,43752.30078125,0.123,True,0.1774,BUY_PE,high,True,False,2023
2023-05-18,43752.30078125,43969.3984375,0.496,True,0.6333,SMALL_CE,moderate,True,True,2023
2023-05-19,43969.3984375,43885.1015625,-0.192,False,0.5775,SMALL_CE,moderate,True,False,2023
2023-05-22,43885.1015625,43954.44921875,0.158,True,0.2231,BUY_PE,high,True,False,2023
2023-05-23,43954.44921875,43677.8515625,-0.629,False,0.6178,SMALL_CE,moderate,True,False,2023
2023-05-24,43677.8515625,43681.3984375,0.008,False,0.2168,BUY_PE,high,True,False,2023
2023-05-25,43681.3984375,44018.0,0.771,True,0.5913,SMALL_CE,moderate,True,True,2023
2023-05-26,44018.0,44311.8984375,0.668,True,0.5933,SMALL_CE,moderate,True,True,2023
2023-05-29,44311.8984375,44436.3515625,0.281,True,0.3922,SMALL_PE,moderate,True,False,2023
2023-05-30,44436.3515625,44128.1484375,-0.694,False,0.5441,NO_TRADE,none,False,,2023
2023-05-31,44128.1484375,43790.19921875,-0.766,False,0.0963,BUY_PE,high,True,True,2023
2023-06-01,43790.19921875,43937.8515625,0.337,True,0.1551,BUY_PE,high,True,False,2023
2023-06-02,43937.8515625,44101.6484375,0.373,True,0.1389,BUY_PE,high,True,False,2023
2023-06-05,44101.6484375,44164.55078125,0.143,True,0.5742,SMALL_CE,moderate,True,True,2023
2023-06-06,44164.55078125,44275.30078125,0.251,True,0.6198,SMALL_CE,moderate,True,True,2023
2023-06-07,44275.30078125,43995.25,-0.633,False,0.3701,SMALL_PE,moderate,True,True,2023
2023-06-08,43995.25,43989.0,-0.014,False,0.1596,BUY_PE,high,True,False,2023
2023-06-09,43989.0,43944.19921875,-0.102,False,0.1242,BUY_PE,high,True,True,2023
2023-06-12,43944.19921875,44079.8515625,0.309,True,0.2598,BUY_PE,high,True,False,2023
2023-06-13,44079.8515625,43988.0,-0.208,False,0.5212,NO_TRADE,none,False,,2023
2023-06-14,43988.0,43443.6015625,-1.238,False,0.1944,BUY_PE,high,True,True,2023
2023-06-15,43443.6015625,43938.1484375,1.138,True,0.2198,BUY_PE,high,True,False,2023
2023-06-16,43938.1484375,43633.75,-0.693,False,0.6057,SMALL_CE,moderate,True,False,2023
2023-06-19,43633.75,43766.5,0.304,True,0.2552,BUY_PE,high,True,False,2023
2023-06-20,43766.5,43859.19921875,0.212,True,0.6253,SMALL_CE,moderate,True,True,2023
2023-06-21,43859.19921875,43724.8515625,-0.306,False,0.5181,NO_TRADE,none,False,,2023
2023-06-22,43724.8515625,43622.8984375,-0.233,False,0.6795,SMALL_CE,moderate,True,False,2023
2023-06-23,43622.8984375,43641.05078125,0.042,False,0.3061,BUY_PE,high,True,False,2023
2023-06-26,43641.05078125,44121.5,1.101,True,0.2539,BUY_PE,high,True,False,2023
2023-06-27,44121.5,44327.80078125,0.468,True,0.7458,BUY_CE,high,True,True,2023
2023-06-28,44327.80078125,44747.3515625,0.946,True,0.2685,BUY_PE,high,True,False,2023
2023-06-30,44747.3515625,45158.1015625,0.918,True,0.6328,SMALL_CE,moderate,True,True,2023
2023-07-03,45158.1015625,45301.44921875,0.317,True,0.5312,NO_TRADE,none,False,,2023
2023-07-04,45301.44921875,45151.80078125,-0.33,False,0.5893,SMALL_CE,moderate,True,False,2023
2023-07-05,45151.80078125,45339.8984375,0.417,True,0.2505,BUY_PE,high,True,False,2023
2023-07-06,45339.8984375,44925.0,-0.915,False,0.6204,SMALL_CE,moderate,True,False,2023
2023-07-07,44925.0,44860.8515625,-0.143,False,0.1947,BUY_PE,high,True,True,2023
2023-07-10,44860.8515625,44745.05078125,-0.258,False,0.2029,BUY_PE,high,True,True,2023
2023-07-11,44745.05078125,44639.44921875,-0.236,False,0.2351,BUY_PE,high,True,True,2023
2023-07-12,44639.44921875,44665.05078125,0.057,True,0.2319,BUY_PE,high,True,False,2023
2023-07-13,44665.05078125,44819.30078125,0.345,True,0.5727,SMALL_CE,moderate,True,True,2023
2023-07-14,44819.30078125,45449.75,1.407,True,0.5232,NO_TRADE,none,False,,2023
2023-07-17,45449.75,45410.8515625,-0.086,False,0.6141,SMALL_CE,moderate,True,False,2023
2023-07-18,45410.8515625,45669.30078125,0.569,True,0.2402,BUY_PE,high,True,False,2023
2023-07-19,45669.30078125,46186.8984375,1.133,True,0.629,SMALL_CE,moderate,True,True,2023
2023-07-20,46186.8984375,46075.19921875,-0.242,False,0.5525,SMALL_CE,moderate,True,False,2023
2023-07-21,46075.19921875,45923.05078125,-0.33,False,0.2947,BUY_PE,high,True,True,2023
2023-07-24,45923.05078125,45845.0,-0.17,False,0.2951,BUY_PE,high,True,True,2023
2023-07-25,45845.0,46062.3515625,0.474,True,0.3,BUY_PE,high,True,False,2023
2023-07-26,46062.3515625,45679.30078125,-0.832,False,0.5943,SMALL_CE,moderate,True,False,2023
2023-07-27,45679.30078125,45468.1015625,-0.462,False,0.2403,BUY_PE,high,True,True,2023
2023-07-28,45468.1015625,45651.1015625,0.402,True,0.2028,BUY_PE,high,True,False,2023
2023-07-31,45651.1015625,45592.5,-0.128,False,0.583,SMALL_CE,moderate,True,False,2023
2023-08-01,45592.5,44995.69921875,-1.309,False,0.1815,BUY_PE,high,True,True,2023
2023-08-02,44995.69921875,44513.44921875,-1.072,False,0.0643,BUY_PE,high,True,True,2023
2023-08-03,44513.44921875,44879.5,0.822,True,0.3273,SMALL_PE,moderate,True,False,2023
2023-08-04,44879.5,44837.5,-0.094,False,0.4705,NO_TRADE,none,False,,2023
2023-08-07,44837.5,44964.44921875,0.283,True,0.0971,BUY_PE,high,True,False,2023
2023-08-08,44964.44921875,44880.69921875,-0.186,False,0.4232,SMALL_PE,moderate,True,True,2023
2023-08-09,44880.69921875,44541.80078125,-0.755,False,0.05,BUY_PE,high,True,True,2023
2023-08-10,44541.80078125,44199.1015625,-0.769,False,0.2823,BUY_PE,high,True,True,2023
2023-08-11,44199.1015625,44090.94921875,-0.245,False,0.2107,BUY_PE,high,True,True,2023
2023-08-14,44090.94921875,43946.3984375,-0.328,False,0.1534,BUY_PE,high,True,True,2023
2023-08-16,43946.3984375,43891.3515625,-0.125,False,0.0827,BUY_PE,high,True,True,2023
2023-08-17,43891.3515625,43851.05078125,-0.092,False,0.1289,BUY_PE,high,True,True,2023
2023-08-18,43851.05078125,44002.0,0.344,True,0.1702,BUY_PE,high,True,False,2023
2023-08-21,44002.0,43993.25,-0.02,False,0.6381,SMALL_CE,moderate,True,False,2023
2023-08-22,43993.25,44479.05078125,1.104,True,0.1808,BUY_PE,high,True,False,2023
2023-08-23,44479.05078125,44496.19921875,0.039,False,0.5948,SMALL_CE,moderate,True,False,2023
2023-08-24,44496.19921875,44231.44921875,-0.595,False,0.1832,BUY_PE,high,True,True,2023
2023-08-25,44231.44921875,44494.6484375,0.595,True,0.216,BUY_PE,high,True,False,2023
2023-08-28,44494.6484375,44495.25,0.001,False,0.6131,SMALL_CE,moderate,True,False,2023
2023-08-29,44495.25,44232.6015625,-0.59,False,0.2402,BUY_PE,high,True,True,2023
2023-08-30,44232.6015625,43989.1484375,-0.55,False,0.0968,BUY_PE,high,True,True,2023
2023-08-31,43989.1484375,44436.1015625,1.016,True,0.4986,NO_TRADE,none,False,,2023
2023-09-01,44436.1015625,44578.30078125,0.32,True,0.4778,NO_TRADE,none,False,,2023
2023-09-04,44578.30078125,44532.1484375,-0.104,False,0.1299,BUY_PE,high,True,True,2023
2023-09-05,44532.1484375,44409.1015625,-0.276,False,0.1112,BUY_PE,high,True,True,2023
2023-09-06,44409.1015625,44878.3515625,1.057,True,0.1724,BUY_PE,high,True,False,2023
2023-09-07,44878.3515625,45156.3984375,0.62,True,0.5809,SMALL_CE,moderate,True,True,2023
2023-09-08,45156.3984375,45570.69921875,0.917,True,0.5825,SMALL_CE,moderate,True,True,2023
2023-09-11,45570.69921875,45511.3515625,-0.13,False,0.5359,NO_TRADE,none,False,,2023
2023-09-12,45511.3515625,45909.44921875,0.875,True,0.1692,BUY_PE,high,True,False,2023
2023-09-13,45909.44921875,46000.8515625,0.199,True,0.6436,SMALL_CE,moderate,True,True,2023
2023-09-14,46000.8515625,46231.5,0.501,True,0.2435,BUY_PE,high,True,False,2023
2023-09-15,46231.5,45979.8515625,-0.544,False,0.5621,SMALL_CE,moderate,True,False,2023
2023-09-18,45979.8515625,45384.6015625,-1.295,False,0.1204,BUY_PE,high,True,True,2023
2023-09-20,45384.6015625,44623.8515625,-1.676,False,0.1373,BUY_PE,high,True,True,2023
2023-09-21,44623.8515625,44612.05078125,-0.026,False,0.3942,SMALL_PE,moderate,True,False,2023
2023-09-22,44612.05078125,44766.1015625,0.345,True,0.3054,BUY_PE,high,True,False,2023
2023-09-25,44766.1015625,44624.19921875,-0.317,False,0.6969,BUY_CE,high,True,False,2023
2023-09-26,44624.19921875,44588.30078125,-0.08,False,0.3187,BUY_PE,high,True,True,2023
2023-09-27,44588.30078125,44300.94921875,-0.644,False,0.2374,BUY_PE,high,True,True,2023
2023-09-28,44300.94921875,44584.55078125,0.64,True,0.3587,SMALL_PE,moderate,True,False,2023
2023-09-29,44584.55078125,44399.05078125,-0.416,False,0.5366,NO_TRADE,none,False,,2023
2023-10-03,44399.05078125,43964.05078125,-0.98,False,0.0501,BUY_PE,high,True,True,2023
2023-10-04,43964.05078125,44213.3515625,0.567,True,0.141,BUY_PE,high,True,False,2023
2023-10-05,44213.3515625,44360.6015625,0.333,True,0.4247,SMALL_PE,moderate,True,False,2023
2023-10-06,44360.6015625,43886.5,-1.069,False,0.5808,SMALL_CE,moderate,True,False,2023
2023-10-09,43886.5,44360.1484375,1.079,True,0.1066,BUY_PE,high,True,False,2023
2023-10-10,44360.1484375,44516.8984375,0.353,True,0.6369,SMALL_CE,moderate,True,True,2023
2023-10-11,44516.8984375,44599.19921875,0.185,True,0.147,BUY_PE,high,True,False,2023
2023-10-12,44599.19921875,44287.94921875,-0.698,False,0.3415,SMALL_PE,moderate,True,True,2023
2023-10-13,44287.94921875,44225.8984375,-0.14,False,0.1982,BUY_PE,high,True,True,2023
2023-10-16,44225.8984375,44409.5,0.415,True,0.2645,BUY_PE,high,True,False,2023
2023-10-17,44409.5,43888.69921875,-1.173,False,0.142,BUY_PE,high,True,True,2023
2023-10-18,43888.69921875,43754.5,-0.306,False,0.2235,BUY_PE,high,True,True,2023
2023-10-19,43754.5,43723.05078125,-0.072,False,0.3692,SMALL_PE,moderate,True,True,2023
2023-10-20,43723.05078125,43151.19921875,-1.308,False,0.295,BUY_PE,high,True,True,2023
2023-10-23,43151.19921875,42832.0,-0.74,False,0.216,BUY_PE,high,True,True,2023
2023-10-25,42832.0,42280.1484375,-1.288,False,0.1981,BUY_PE,high,True,True,2023
2023-10-26,42280.1484375,42782.0,1.187,True,0.3668,SMALL_PE,moderate,True,False,2023
2023-10-27,42782.0,43039.1484375,0.601,True,0.4853,NO_TRADE,none,False,,2023
2023-10-30,43039.1484375,42845.94921875,-0.449,False,0.5537,SMALL_CE,moderate,True,False,2023
2023-10-31,42845.94921875,42700.94921875,-0.338,False,0.1618,BUY_PE,high,True,True,2023
2023-11-01,42700.94921875,43017.19921875,0.741,True,0.2726,BUY_PE,high,True,False,2023
2023-11-02,43017.19921875,43318.25,0.7,True,0.168,BUY_PE,high,True,False,2023
2023-11-03,43318.25,43619.3984375,0.695,True,0.5241,NO_TRADE,none,False,,2023
2023-11-06,43619.3984375,43737.8984375,0.272,True,0.5726,SMALL_CE,moderate,True,True,2023
2023-11-07,43737.8984375,43658.6484375,-0.181,False,0.5666,SMALL_CE,moderate,True,False,2023
2023-11-08,43658.6484375,43683.6015625,0.057,True,0.1339,BUY_PE,high,True,False,2023
2023-11-09,43683.6015625,43820.1015625,0.312,True,0.4587,NO_TRADE,none,False,,2023
2023-11-10,43820.1015625,43891.25,0.162,True,0.4454,SMALL_PE,moderate,True,False,2023
2023-11-13,43891.25,44201.69921875,0.707,True,0.2076,BUY_PE,high,True,False,2023
2023-11-15,44201.69921875,44161.55078125,-0.091,False,0.2813,BUY_PE,high,True,True,2023
2023-11-16,44161.55078125,43583.94921875,-1.308,False,0.1822,BUY_PE,high,True,True,2023
2023-11-17,43583.94921875,43584.94921875,0.002,False,0.1796,BUY_PE,high,True,False,2023
2023-11-20,43584.94921875,43689.1484375,0.239,True,0.6078,SMALL_CE,moderate,True,True,2023
2023-11-21,43689.1484375,43449.6015625,-0.548,False,0.3814,SMALL_PE,moderate,True,True,2023
2023-11-22,43449.6015625,43577.5,0.294,True,0.1862,BUY_PE,high,True,False,2023
2023-11-23,43577.5,43769.1015625,0.44,True,0.6234,SMALL_CE,moderate,True,True,2023
2023-11-24,43769.1015625,43880.94921875,0.256,True,0.6315,SMALL_CE,moderate,True,True,2023
2023-11-28,43880.94921875,44566.44921875,1.562,True,0.6722,SMALL_CE,moderate,True,True,2023
2023-11-29,44566.44921875,44481.75,-0.19,False,0.7624,BUY_CE,high,True,False,2023
2023-11-30,44481.75,44814.19921875,0.747,True,0.1544,BUY_PE,high,True,False,2023
2023-12-01,44814.19921875,46431.3984375,3.609,True,0.1604,BUY_PE,high,True,False,2023
2023-12-04,46431.3984375,47012.25,1.251,True,0.5284,NO_TRADE,none,False,,2023
2023-12-05,47012.25,46834.55078125,-0.378,False,0.3621,SMALL_PE,moderate,True,True,2023
2023-12-06,46834.55078125,46841.3984375,0.015,False,0.2171,BUY_PE,high,True,False,2023
2023-12-07,46841.3984375,47262.0,0.898,True,0.5427,NO_TRADE,none,False,,2023
2023-12-08,47262.0,47314.25,0.111,True,0.6505,SMALL_CE,moderate,True,True,2023
2023-12-11,47314.25,47097.55078125,-0.458,False,0.2519,BUY_PE,high,True,True,2023
2023-12-12,47097.55078125,47092.25,-0.011,False,0.1761,BUY_PE,high,True,False,2023
2023-12-13,47092.25,47732.30078125,1.359,True,0.5506,SMALL_CE,moderate,True,True,2023
2023-12-14,47732.30078125,48143.55078125,0.862,True,0.601,SMALL_CE,moderate,True,True,2023
2023-12-15,48143.55078125,47867.69921875,-0.573,False,0.5481,NO_TRADE,none,False,,2023
2023-12-18,47867.69921875,47870.8984375,0.007,False,0.2173,BUY_PE,high,True,False,2023
2023-12-19,47870.8984375,47445.30078125,-0.889,False,0.3269,SMALL_PE,moderate,True,True,2023
2023-12-20,47445.30078125,47840.1484375,0.832,True,0.2584,BUY_PE,high,True,False,2023
2023-12-21,47840.1484375,47491.8515625,-0.728,False,0.5823,SMALL_CE,moderate,True,False,2023
2023-12-22,47491.8515625,47724.8515625,0.491,True,0.2973,BUY_PE,high,True,False,2023
2023-12-26,47724.8515625,48282.19921875,1.168,True,0.7248,BUY_CE,high,True,True,2023
2023-12-27,48282.19921875,48508.55078125,0.469,True,0.6184,SMALL_CE,moderate,True,True,2023
2023-12-28,48508.55078125,48292.25,-0.446,False,0.6404,SMALL_CE,moderate,True,False,2023
2023-12-29,48292.25,48234.30078125,-0.12,False,0.1438,BUY_PE,high,True,True,2023
2024-01-01,48234.30078125,47761.6484375,-0.98,False,0.1997,BUY_PE,high,True,True,2024
2024-01-02,47761.6484375,47704.94921875,-0.119,False,0.05,BUY_PE,high,True,True,2024
2024-01-03,47704.94921875,48195.8515625,1.029,True,0.6386,SMALL_CE,moderate,True,True,2024
2024-01-04,48195.8515625,48159.0,-0.076,False,0.5421,NO_TRADE,none,False,,2024
2024-01-05,48159.0,47450.25,-1.472,False,0.0977,BUY_PE,high,True,True,2024
2024-01-08,47450.25,47242.6484375,-0.438,False,0.1067,BUY_PE,high,True,True,2024
2024-01-09,47242.6484375,47360.8515625,0.25,True,0.05,BUY_PE,high,True,False,2024
2024-01-10,47360.8515625,47438.3515625,0.164,True,0.5388,NO_TRADE,none,False,,2024
2024-01-11,47438.3515625,47709.80078125,0.572,True,0.129,BUY_PE,high,True,False,2024
2024-01-12,47709.80078125,48158.30078125,0.94,True,0.6188,SMALL_CE,moderate,True,True,2024
2024-01-15,48158.30078125,48125.1015625,-0.069,False,0.5887,SMALL_CE,moderate,True,False,2024
2024-01-16,48125.1015625,46064.44921875,-4.282,False,0.0646,BUY_PE,high,True,True,2024
2024-01-17,46064.44921875,45713.55078125,-0.762,False,0.4118,SMALL_PE,moderate,True,True,2024
2024-01-18,45713.55078125,45701.1484375,-0.027,False,0.4118,SMALL_PE,moderate,True,False,2024
2024-01-19,45701.1484375,45015.05078125,-1.501,False,0.3327,SMALL_PE,moderate,True,True,2024
2024-01-23,45015.05078125,45082.3984375,0.15,True,0.3894,SMALL_PE,moderate,True,False,2024
2024-01-24,45082.3984375,44866.1484375,-0.48,False,0.2452,BUY_PE,high,True,True,2024
2024-01-25,44866.1484375,45442.3515625,1.284,True,0.2386,BUY_PE,high,True,False,2024
2024-01-29,45442.3515625,45367.75,-0.164,False,0.084,BUY_PE,high,True,True,2024
2024-01-30,45367.75,45996.80078125,1.387,True,0.1078,BUY_PE,high,True,False,2024
2024-01-31,45996.80078125,46188.6484375,0.417,True,0.4091,SMALL_PE,moderate,True,False,2024
2024-02-01,46188.6484375,45970.94921875,-0.471,False,0.0926,BUY_PE,high,True,True,2024
2024-02-02,45970.94921875,45825.55078125,-0.316,False,0.1821,BUY_PE,high,True,True,2024
2024-02-05,45825.55078125,45690.80078125,-0.294,False,0.05,BUY_PE,high,True,True,2024
2024-02-06,45690.80078125,45818.5,0.279,True,0.05,BUY_PE,high,True,False,2024
2024-02-07,45818.5,45012.0,-1.76,False,0.1642,BUY_PE,high,True,True,2024
2024-02-08,45012.0,45634.55078125,1.383,True,0.2388,BUY_PE,high,True,False,2024
2024-02-09,45634.55078125,44882.25,-1.649,False,0.5215,NO_TRADE,none,False,,2024
2024-02-12,44882.25,45502.3984375,1.382,True,0.0558,BUY_PE,high,True,False,2024
2024-02-13,45502.3984375,45908.30078125,0.892,True,0.5876,SMALL_CE,moderate,True,True,2024
2024-02-14,45908.30078125,46218.8984375,0.677,True,0.5176,NO_TRADE,none,False,,2024
2024-02-15,46218.8984375,46384.8515625,0.359,True,0.3973,SMALL_PE,moderate,True,False,2024
2024-02-16,46384.8515625,46535.5,0.325,True,0.4136,SMALL_PE,moderate,True,False,2024
2024-02-19,46535.5,47094.19921875,1.201,True,0.5725,SMALL_CE,moderate,True,True,2024
2024-02-20,47094.19921875,47019.69921875,-0.158,False,0.559,SMALL_CE,moderate,True,False,2024
2024-02-21,47019.69921875,46919.80078125,-0.212,False,0.3824,SMALL_PE,moderate,True,True,2024
2024-02-22,46919.80078125,46811.75,-0.23,False,0.2178,BUY_PE,high,True,True,2024
2024-02-23,46811.75,46576.5,-0.503,False,0.2791,BUY_PE,high,True,True,2024
2024-02-26,46576.5,46588.05078125,0.025,False,0.2006,BUY_PE,high,True,False,2024
2024-02-27,46588.05078125,45963.1484375,-1.341,False,0.127,BUY_PE,high,True,True,2024
2024-02-28,45963.1484375,46120.8984375,0.343,True,0.1548,BUY_PE,high,True,False,2024
2024-02-29,46120.8984375,47286.8984375,2.528,True,0.5601,SMALL_CE,moderate,True,True,2024
2024-03-01,47286.8984375,47456.1015625,0.358,True,0.2585,BUY_PE,high,True,False,2024
2024-03-04,47456.1015625,47581.0,0.263,True,0.1692,BUY_PE,high,True,False,2024
2024-03-05,47581.0,47965.3984375,0.808,True,0.561,SMALL_CE,moderate,True,True,2024
2024-03-06,47965.3984375,47835.80078125,-0.27,False,0.5511,SMALL_CE,moderate,True,False,2024
2024-03-07,47835.80078125,47327.8515625,-1.062,False,0.086,BUY_PE,high,True,True,2024
2024-03-11,47327.8515625,47282.3984375,-0.096,False,0.05,BUY_PE,high,True,True,2024
2024-03-12,47282.3984375,46981.30078125,-0.637,False,0.1533,BUY_PE,high,True,True,2024
2024-03-13,46981.30078125,46789.94921875,-0.407,False,0.1773,BUY_PE,high,True,True,2024
2024-03-14,46789.94921875,46594.1015625,-0.419,False,0.1765,BUY_PE,high,True,True,2024
2024-03-15,46594.1015625,46575.8984375,-0.039,False,0.05,BUY_PE,high,True,False,2024
2024-03-18,46575.8984375,46384.80078125,-0.41,False,0.3188,BUY_PE,high,True,True,2024
2024-03-19,46384.80078125,46310.8984375,-0.159,False,0.0784,BUY_PE,high,True,True,2024
2024-03-20,46310.8984375,46684.8984375,0.808,True,0.6062,SMALL_CE,moderate,True,True,2024
2024-03-21,46684.8984375,46863.75,0.383,True,0.387,SMALL_PE,moderate,True,False,2024
2024-03-22,46863.75,46600.19921875,-0.562,False,0.7701,BUY_CE,high,True,False,2024
2024-03-26,46600.19921875,46785.94921875,0.399,True,0.3699,SMALL_PE,moderate,True,False,2024
2024-03-27,46785.94921875,47124.6015625,0.724,True,0.6261,SMALL_CE,moderate,True,True,2024
2024-03-28,47124.6015625,47578.25,0.963,True,0.6453,SMALL_CE,moderate,True,True,2024
2024-04-01,47578.25,47545.44921875,-0.069,False,0.3623,SMALL_PE,moderate,True,True,2024
2024-04-02,47545.44921875,47624.25,0.166,True,0.1177,BUY_PE,high,True,False,2024
2024-04-03,47624.25,48060.80078125,0.917,True,0.6152,SMALL_CE,moderate,True,True,2024
2024-04-04,48060.80078125,48493.05078125,0.899,True,0.3677,SMALL_PE,moderate,True,False,2024
2024-04-05,48493.05078125,48581.69921875,0.183,True,0.6059,SMALL_CE,moderate,True,True,2024
2024-04-08,48581.69921875,48730.55078125,0.306,True,0.1836,BUY_PE,high,True,False,2024
2024-04-09,48730.55078125,48986.6015625,0.525,True,0.4338,SMALL_PE,moderate,True,False,2024
2024-04-10,48986.6015625,48564.55078125,-0.862,False,0.5784,SMALL_CE,moderate,True,False,2024
2024-04-12,48564.55078125,47773.25,-1.629,False,0.2382,BUY_PE,high,True,True,2024
2024-04-15,47773.25,47484.80078125,-0.604,False,0.0878,BUY_PE,high,True,True,2024
2024-04-16,47484.80078125,47069.44921875,-0.875,False,0.2407,BUY_PE,high,True,True,2024
2024-04-18,47069.44921875,47574.1484375,1.072,True,0.3682,SMALL_PE,moderate,True,False,2024
2024-04-19,47574.1484375,47924.8984375,0.737,True,0.4966,NO_TRADE,none,False,,2024
2024-04-22,47924.8984375,47970.44921875,0.095,True,0.5439,NO_TRADE,none,False,,2024
2024-04-23,47970.44921875,48189.0,0.456,True,0.1935,BUY_PE,high,True,False,2024
2024-04-24,48189.0,48494.94921875,0.635,True,0.5939,SMALL_CE,moderate,True,True,2024
2024-04-25,48494.94921875,48201.05078125,-0.606,False,0.4357,SMALL_PE,moderate,True,True,2024
2024-04-26,48201.05078125,49424.05078125,2.537,True,0.2157,BUY_PE,high,True,False,2024
2024-04-29,49424.05078125,49396.75,-0.055,False,0.6167,SMALL_CE,moderate,True,False,2024
2024-04-30,49396.75,49231.05078125,-0.335,False,0.4068,SMALL_PE,moderate,True,True,2024
2024-05-02,49231.05078125,48923.55078125,-0.625,False,0.2849,BUY_PE,high,True,True,2024
2024-05-03,48923.55078125,48895.30078125,-0.058,False,0.249,BUY_PE,high,True,True,2024
2024-05-06,48895.30078125,48285.3515625,-1.247,False,0.261,BUY_PE,high,True,True,2024
2024-05-07,48285.3515625,48021.1015625,-0.547,False,0.1903,BUY_PE,high,True,True,2024
2024-05-08,48021.1015625,47487.8984375,-1.11,False,0.2027,BUY_PE,high,True,True,2024
2024-05-09,47487.8984375,47421.1015625,-0.141,False,0.2001,BUY_PE,high,True,True,2024
2024-05-10,47421.1015625,47754.1015625,0.702,True,0.1616,BUY_PE,high,True,False,2024
2024-05-13,47754.1015625,47859.44921875,0.221,True,0.5204,NO_TRADE,none,False,,2024
2024-05-14,47859.44921875,47687.44921875,-0.359,False,0.0755,BUY_PE,high,True,True,2024
2024-05-15,47687.44921875,47977.05078125,0.607,True,0.0941,BUY_PE,high,True,False,2024
2024-05-16,47977.05078125,48115.6484375,0.289,True,0.05,BUY_PE,high,True,False,2024
2024-05-17,48115.6484375,48048.19921875,-0.14,False,0.4568,NO_TRADE,none,False,,2024
2024-05-21,48048.19921875,47781.94921875,-0.554,False,0.05,BUY_PE,high,True,True,2024
2024-05-22,47781.94921875,48768.6015625,2.065,True,0.05,BUY_PE,high,True,False,2024
2024-05-23,48768.6015625,48971.6484375,0.416,True,0.7068,BUY_CE,high,True,True,2024
2024-05-24,48971.6484375,49281.80078125,0.633,True,0.6486,SMALL_CE,moderate,True,True,2024
2024-05-27,49281.80078125,49142.1484375,-0.283,False,0.5731,SMALL_CE,moderate,True,False,2024
2024-05-28,49142.1484375,48501.3515625,-1.304,False,0.202,BUY_PE,high,True,True,2024
2024-05-29,48501.3515625,48682.3515625,0.373,True,0.2574,BUY_PE,high,True,False,2024
2024-05-30,48682.3515625,48983.94921875,0.62,True,0.427,SMALL_PE,moderate,True,False,2024
2024-05-31,48983.94921875,50979.94921875,4.075,True,0.1227,BUY_PE,high,True,False,2024
2024-06-03,50979.94921875,46928.6015625,-7.947,False,0.05,BUY_PE,high,True,True,2024
2024-06-04,46928.6015625,49054.6015625,4.53,True,0.196,BUY_PE,high,True,False,2024
2024-06-05,49054.6015625,49291.8984375,0.484,True,0.0692,BUY_PE,high,True,False,2024
2024-06-06,49291.8984375,49803.19921875,1.037,True,0.276,BUY_PE,high,True,False,2024
2024-06-07,49803.19921875,49780.8984375,-0.045,False,0.4665,NO_TRADE,none,False,,2024
2024-06-10,49780.8984375,49705.75,-0.151,False,0.0568,BUY_PE,high,True,True,2024
2024-06-11,49705.75,49895.1015625,0.381,True,0.361,SMALL_PE,moderate,True,False,2024
2024-06-12,49895.1015625,49846.69921875,-0.097,False,0.6199,SMALL_CE,moderate,True,False,2024
2024-06-13,49846.69921875,50002.0,0.312,True,0.2007,BUY_PE,high,True,False,2024
2024-06-14,50002.0,50440.8984375,0.878,True,0.6382,SMALL_CE,moderate,True,True,2024
2024-06-18,50440.8984375,51398.05078125,1.898,True,0.5755,SMALL_CE,moderate,True,True,2024
2024-06-19,51398.05078125,51783.25,0.749,True,0.4681,NO_TRADE,none,False,,2024
2024-06-20,51783.25,51661.44921875,-0.235,False,0.5457,NO_TRADE,none,False,,2024
2024-06-21,51661.44921875,51703.94921875,0.082,True,0.174,BUY_PE,high,True,False,2024
2024-06-24,51703.94921875,52606.0,1.745,True,0.7114,BUY_CE,high,True,True,2024
2024-06-25,52606.0,52870.5,0.503,True,0.6101,SMALL_CE,moderate,True,True,2024
2024-06-26,52870.5,52811.30078125,-0.112,False,0.6226,SMALL_CE,moderate,True,False,2024
2024-06-27,52811.30078125,52342.25,-0.888,False,0.3082,BUY_PE,high,True,True,2024
2024-06-28,52342.25,52574.75,0.444,True,0.3093,BUY_PE,high,True,False,2024
2024-07-01,52574.75,52168.1015625,-0.773,False,0.5973,SMALL_CE,moderate,True,False,2024
2024-07-02,52168.1015625,53089.25,1.766,True,0.2078,BUY_PE,high,True,False,2024
2024-07-03,53089.25,53103.69921875,0.027,False,0.5856,SMALL_CE,moderate,True,False,2024
2024-07-04,53103.69921875,52660.3515625,-0.835,False,0.3025,BUY_PE,high,True,True,2024
2024-07-05,52660.3515625,52425.80078125,-0.445,False,0.1331,BUY_PE,high,True,True,2024
